<?xml version="1.0" encoding="UTF-8"?>
<project version="4">
  <component name="CompilerConfiguration">
    <annotationProcessing>
      <profile name="Maven default annotation processors profile" enabled="true">
        <sourceOutputDir name="target/generated-sources/annotations" />
        <sourceTestOutputDir name="target/generated-test-sources/test-annotations" />
        <outputRelativeToContentRoot value="true" />
        <module name="MovieBookingSystem" />
        <module name="reservations" />
      </profile>
    </annotationProcessing>
    <bytecodeTargetLevel>
      <module name="MovieBookingSystem" target="1.8" />
      <module name="reservations" target="1.8" />
    </bytecodeTargetLevel>
  </component>
</project>